{
  "trained_at": "2026-06-21T17:54:01.751700+00:00",
  "years": [
    2023,
    2024
  ],
  "n_rows": 2677640,
  "weather_inputs": [
    "tmmx_c",
    "rmin",
    "vs",
    "pr",
    "vpd"
  ],
  "targets": [
    "erc",
    "bi",
    "fm100"
  ],
  "metrics": {
    "erc": {
      "r2": 0.9965794006889195,
      "mae": 1.2647619202875502
    },
    "bi": {
      "r2": 0.9947512947248337,
      "mae": 1.1904101434180354
    },
    "fm100": {
      "r2": 0.9973056998175533,
      "mae": 0.21648753580112695
    }
  }
}