{
  "model": "xgboost-isotonic",
  "version": "20260707",
  "trained_at": "2026-07-07T22:14:26.016373+00:00",
  "train_years": [
    2018,
    2019
  ],
  "test_year": 2020,
  "n_features": 34,
  "params": {
    "learning_rate": 0.03329,
    "max_depth": 8,
    "min_child_weight": 5.073,
    "gamma": 0.1192,
    "subsample": 0.8006,
    "colsample_bytree": 0.7746,
    "reg_lambda": 3.464,
    "reg_alpha": 0.02903,
    "scale_pos_weight": 4.945,
    "max_delta_step": 4,
    "n_estimators": 296
  },
  "metrics": {
    "pr_auc": 0.09178015742673662,
    "roc_auc": 0.9390084607326553
  },
  "tiers": {
    "red": 0.04946523904800415,
    "yellow": 0.006447310093790293
  }
}