{
  "red": 0.04946523904800415,
  "yellow": 0.006447310093790293,
  "red_recall_target": 0.45,
  "yellow_recall_target": 0.8
}