{
  "red": 0.026430347934365273,
  "yellow": 0.005022112280130386,
  "red_recall_target": 0.55,
  "yellow_recall_target": 0.8
}