{
  "red": 0.018835075199604034,
  "yellow": 0.006447310093790293,
  "red_recall_target": 0.55,
  "yellow_recall_target": 0.8
}